row,site,original_name,device_instance,object_type,object_instance,units,equip_type,equip_ref,canonical_name,canonical_point,role_id,haystack_tags,brick_class,confidence,status,flags,review_reason,evidence
1,PINE-PAPER,#pine_paper/rtu_1/da_temp,1001,AI,1,°C,rtu,RTU-01,RTU-01.DA-T,DA-T,DA-T,discharge air temp sensor point,Supply_Air_Temperature_Sensor,1.00,auto,,,"equipment: 'rtu_1' -> rtu RTU-01 | tokens: DA=position=discharge,medium=air · TEMP=quantity=temp | function=sensor by convention: a measured quantity with no SP/CMD/status word is a sensor | score: name defines the role +0.60, object type AI agrees +0.20, units °C agree +0.20, description agrees +0.05 = 1.00"
2,PINE-PAPER,#pine_paper/rtu_1/ra_temp,1001,AI,2,°C,rtu,RTU-01,RTU-01.RA-T,RA-T,RA-T,return air temp sensor point,Return_Air_Temperature_Sensor,1.00,auto,,,"equipment: 'rtu_1' -> rtu RTU-01 | tokens: RA=position=return,medium=air · TEMP=quantity=temp | function=sensor by convention: a measured quantity with no SP/CMD/status word is a sensor | score: name defines the role +0.60, object type AI agrees +0.20, units °C agree +0.20, description agrees +0.05 = 1.00"
3,PINE-PAPER,#pine_paper/rtu_1/ma_temp,1001,AI,3,°C,rtu,RTU-01,RTU-01.MA-T,MA-T,MA-T,mixed air temp sensor point,Mixed_Air_Temperature_Sensor,1.00,auto,,,"equipment: 'rtu_1' -> rtu RTU-01 | tokens: MA=position=mixed,medium=air · TEMP=quantity=temp | function=sensor by convention: a measured quantity with no SP/CMD/status word is a sensor | score: name defines the role +0.60, object type AI agrees +0.20, units °C agree +0.20, description agrees +0.05 = 1.00"
4,PINE-PAPER,#pine_paper/rtu_1/zone_temp,1001,AI,4,°C,rtu,RTU-01,RTU-01.ZN-T,ZN-T,ZN-T,zone air temp sensor point,Zone_Air_Temperature_Sensor,1.00,auto,,,"equipment: 'rtu_1' -> rtu RTU-01 | tokens: ZONE=position=zone · TEMP=quantity=temp | function=sensor by convention: a measured quantity with no SP/CMD/status word is a sensor | score: name defines the role +0.60, object type AI agrees +0.20, units °C agree +0.20, description agrees +0.05 = 1.00"
5,PINE-PAPER,#pine_paper/rtu_1/zone_temp_stpt,1001,AV,1,°C,rtu,RTU-01,RTU-01.ZN-T-SP,ZN-T-SP,ZN-T-SP,zone air temp sp point,Zone_Air_Temperature_Setpoint,1.00,auto,,,"equipment: 'rtu_1' -> rtu RTU-01 | tokens: ZONE=position=zone · TEMP=quantity=temp · STPT=function=sp | score: name defines the role +0.60, object type AV agrees +0.20, units °C agree +0.20, description agrees +0.05 = 1.00"
6,PINE-PAPER,#pine_paper/rtu_1/sf_ss,1001,BO,1,,rtu,RTU-01,RTU-01.SF-C,SF-C,SF-C,discharge fan run cmd point,Start_Stop_Command,0.85,auto,,,"equipment: 'rtu_1' -> rtu RTU-01 | tokens: SF=subject=fan,position=discharge · SS=function=cmd | score: name defines the role +0.60, object type BO agrees +0.20, description agrees +0.05 = 0.85"
7,PINE-PAPER,#pine_paper/rtu_1/sf_status,1001,AI,5,A,rtu,RTU-01,RTU-01.SF-S,SF-S,SF-S,discharge fan run sensor point,Fan_Status,0.10,review,TYPE_MISMATCH: AI is unusual for SF-S (expected BI/BV) | UNITS_CONFLICT: A (current) but SF-S expects an on/off state | STATUS_ON_ANALOG: SF-S arrives as AI in A; check how proof is wired,status point wired as an analog input reading amps (current transducer?). Confirm how proof is wired before mapping as SF-S,"equipment: 'rtu_1' -> rtu RTU-01 | tokens: SF=subject=fan,position=discharge · STATUS=function=status | score: name defines the role +0.60, object type AI contradicts -0.25, units A contradict -0.30, description agrees +0.05 = 0.10"
8,PINE-PAPER,#pine_paper/rtu_1/htg_stg_1,1001,BO,2,,rtu,RTU-01,RTU-01.HTG-STG1-C,HTG-STG1-C,HTG-STG-C,heat run cmd point,Heating_Command,0.85,auto,,,"equipment: 'rtu_1' -> rtu RTU-01 | tokens: HTG=mode=heating · STG=subject=stage | function=cmd by convention: a heating/cooling stage with no function word is its command | score: name defines the role +0.60, object type BO agrees +0.20, description agrees +0.05 = 0.85"
9,PINE-PAPER,#pine_paper/rtu_1/htg_stg_2,1001,BO,3,,rtu,RTU-01,RTU-01.HTG-STG2-C,HTG-STG2-C,HTG-STG-C,heat run cmd point,Heating_Command,0.85,auto,,,"equipment: 'rtu_1' -> rtu RTU-01 | tokens: HTG=mode=heating · STG=subject=stage | function=cmd by convention: a heating/cooling stage with no function word is its command | score: name defines the role +0.60, object type BO agrees +0.20, description agrees +0.05 = 0.85"
10,PINE-PAPER,#pine_paper/rtu_1/clg_stg_1,1001,BO,4,,rtu,RTU-01,RTU-01.CLG-STG1-C,CLG-STG1-C,CLG-STG-C,cool run cmd point,Cooling_Command,0.85,auto,,,"equipment: 'rtu_1' -> rtu RTU-01 | tokens: CLG=mode=cooling · STG=subject=stage | function=cmd by convention: a heating/cooling stage with no function word is its command | score: name defines the role +0.60, object type BO agrees +0.20, description agrees +0.05 = 0.85"
11,PINE-PAPER,#pine_paper/rtu_1/clg_stg_2,1001,BO,5,,rtu,RTU-01,RTU-01.CLG-STG2-C,CLG-STG2-C,CLG-STG-C,cool run cmd point,Cooling_Command,0.85,auto,,,"equipment: 'rtu_1' -> rtu RTU-01 | tokens: CLG=mode=cooling · STG=subject=stage | function=cmd by convention: a heating/cooling stage with no function word is its command | score: name defines the role +0.60, object type BO agrees +0.20, description agrees +0.05 = 0.85"
12,PINE-PAPER,#pine_paper/rtu_1/oa_dmpr_pos,1001,AO,1,%,rtu,RTU-01,RTU-01.OA-DMPR-C,OA-DMPR-C,OA-DMPR-C,outside damper cmd point,Damper_Position_Command,0.90,auto,,,"equipment: 'rtu_1' -> rtu RTU-01 | tokens: OA=position=outside,medium=air · DMPR=subject=damper · POS=(descriptive) | function=cmd inferred from object type AO | score: name needed metadata to be complete +0.45, object type AO agrees +0.20, units % agree +0.20, description agrees +0.05 = 0.90"
13,PINE-PAPER,#pine_paper/rtu_1/ra_co2,1001,AI,6,ppm,rtu,RTU-01,RTU-01.RA-CO2,RA-CO2,RA-CO2,return air co2 concentration sensor point,Return_Air_CO2_Sensor,1.00,auto,,,"equipment: 'rtu_1' -> rtu RTU-01 | tokens: RA=position=return,medium=air · CO2=quantity=co2 | function=sensor by convention: a measured quantity with no SP/CMD/status word is a sensor | score: name defines the role +0.60, object type AI agrees +0.20, units ppm agree +0.20, description agrees +0.05 = 1.00"
14,PINE-PAPER,#pine_paper/rtu_1/occ_mode,1001,BV,2,,rtu,RTU-01,RTU-01.OCC-MODE,OCC-MODE,OCC-MODE,occupied sp point,Occupancy_Status,0.85,auto,,,"equipment: 'rtu_1' -> rtu RTU-01 | tokens: OCC=subject=occupancy · MODE=function=status | score: name defines the role +0.60, object type BV agrees +0.20, description agrees +0.05 = 0.85"
15,PINE-PAPER,#pine_paper/rtu_2/da_temp,1002,AI,1,°C,rtu,RTU-02,RTU-02.DA-T,DA-T,DA-T,discharge air temp sensor point,Supply_Air_Temperature_Sensor,1.00,auto,,,"equipment: 'rtu_2' -> rtu RTU-02 | tokens: DA=position=discharge,medium=air · TEMP=quantity=temp | function=sensor by convention: a measured quantity with no SP/CMD/status word is a sensor | score: name defines the role +0.60, object type AI agrees +0.20, units °C agree +0.20, description agrees +0.05 = 1.00"
16,PINE-PAPER,#pine_paper/rtu_2/ra_temp,1002,AI,2,°C,rtu,RTU-02,RTU-02.RA-T,RA-T,RA-T,return air temp sensor point,Return_Air_Temperature_Sensor,1.00,auto,,,"equipment: 'rtu_2' -> rtu RTU-02 | tokens: RA=position=return,medium=air · TEMP=quantity=temp | function=sensor by convention: a measured quantity with no SP/CMD/status word is a sensor | score: name defines the role +0.60, object type AI agrees +0.20, units °C agree +0.20, description agrees +0.05 = 1.00"
17,PINE-PAPER,#pine_paper/rtu_2/ma_temp,1002,AI,3,°C,rtu,RTU-02,RTU-02.MA-T,MA-T,MA-T,mixed air temp sensor point,Mixed_Air_Temperature_Sensor,1.00,auto,,,"equipment: 'rtu_2' -> rtu RTU-02 | tokens: MA=position=mixed,medium=air · TEMP=quantity=temp | function=sensor by convention: a measured quantity with no SP/CMD/status word is a sensor | score: name defines the role +0.60, object type AI agrees +0.20, units °C agree +0.20, description agrees +0.05 = 1.00"
18,PINE-PAPER,#pine_paper/rtu_2/zone_temp,1002,AI,4,°C,rtu,RTU-02,RTU-02.ZN-T,ZN-T,ZN-T,zone air temp sensor point,Zone_Air_Temperature_Sensor,1.00,auto,,,"equipment: 'rtu_2' -> rtu RTU-02 | tokens: ZONE=position=zone · TEMP=quantity=temp | function=sensor by convention: a measured quantity with no SP/CMD/status word is a sensor | score: name defines the role +0.60, object type AI agrees +0.20, units °C agree +0.20, description agrees +0.05 = 1.00"
19,PINE-PAPER,#pine_paper/rtu_2/zone_temp_stpt,1002,AV,1,°C,rtu,RTU-02,RTU-02.ZN-T-SP,ZN-T-SP,ZN-T-SP,zone air temp sp point,Zone_Air_Temperature_Setpoint,1.00,auto,,,"equipment: 'rtu_2' -> rtu RTU-02 | tokens: ZONE=position=zone · TEMP=quantity=temp · STPT=function=sp | score: name defines the role +0.60, object type AV agrees +0.20, units °C agree +0.20, description agrees +0.05 = 1.00"
20,PINE-PAPER,#pine_paper/rtu_2/sf_ss,1002,BO,1,,rtu,RTU-02,RTU-02.SF-C,SF-C,SF-C,discharge fan run cmd point,Start_Stop_Command,0.85,auto,,,"equipment: 'rtu_2' -> rtu RTU-02 | tokens: SF=subject=fan,position=discharge · SS=function=cmd | score: name defines the role +0.60, object type BO agrees +0.20, description agrees +0.05 = 0.85"
21,PINE-PAPER,#pine_paper/rtu_2/sf_status,1002,BI,1,,rtu,RTU-02,RTU-02.SF-S,SF-S,SF-S,discharge fan run sensor point,Fan_Status,0.85,auto,,,"equipment: 'rtu_2' -> rtu RTU-02 | tokens: SF=subject=fan,position=discharge · STATUS=function=status | score: name defines the role +0.60, object type BI agrees +0.20, description agrees +0.05 = 0.85"
22,PINE-PAPER,#pine_paper/rtu_2/htg_stg_1,1002,BO,2,,rtu,RTU-02,RTU-02.HTG-STG1-C,HTG-STG1-C,HTG-STG-C,heat run cmd point,Heating_Command,0.85,auto,,,"equipment: 'rtu_2' -> rtu RTU-02 | tokens: HTG=mode=heating · STG=subject=stage | function=cmd by convention: a heating/cooling stage with no function word is its command | score: name defines the role +0.60, object type BO agrees +0.20, description agrees +0.05 = 0.85"
23,PINE-PAPER,#pine_paper/rtu_2/htg_stg_2,1002,BO,3,,rtu,RTU-02,RTU-02.HTG-STG2-C,HTG-STG2-C,HTG-STG-C,heat run cmd point,Heating_Command,0.85,auto,,,"equipment: 'rtu_2' -> rtu RTU-02 | tokens: HTG=mode=heating · STG=subject=stage | function=cmd by convention: a heating/cooling stage with no function word is its command | score: name defines the role +0.60, object type BO agrees +0.20, description agrees +0.05 = 0.85"
24,PINE-PAPER,#pine_paper/rtu_2/clg_stg_1,1002,BO,4,,rtu,RTU-02,RTU-02.CLG-STG1-C,CLG-STG1-C,CLG-STG-C,cool run cmd point,Cooling_Command,0.85,auto,,,"equipment: 'rtu_2' -> rtu RTU-02 | tokens: CLG=mode=cooling · STG=subject=stage | function=cmd by convention: a heating/cooling stage with no function word is its command | score: name defines the role +0.60, object type BO agrees +0.20, description agrees +0.05 = 0.85"
25,PINE-PAPER,#pine_paper/rtu_2/clg_stg_2,1002,BO,5,,rtu,RTU-02,RTU-02.CLG-STG2-C,CLG-STG2-C,CLG-STG-C,cool run cmd point,Cooling_Command,0.85,auto,,,"equipment: 'rtu_2' -> rtu RTU-02 | tokens: CLG=mode=cooling · STG=subject=stage | function=cmd by convention: a heating/cooling stage with no function word is its command | score: name defines the role +0.60, object type BO agrees +0.20, description agrees +0.05 = 0.85"
26,PINE-PAPER,#pine_paper/rtu_2/oa_dmpr_pos,1002,AO,1,%,rtu,RTU-02,RTU-02.OA-DMPR-C,OA-DMPR-C,OA-DMPR-C,outside damper cmd point,Damper_Position_Command,0.90,auto,,,"equipment: 'rtu_2' -> rtu RTU-02 | tokens: OA=position=outside,medium=air · DMPR=subject=damper · POS=(descriptive) | function=cmd inferred from object type AO | score: name needed metadata to be complete +0.45, object type AO agrees +0.20, units % agree +0.20, description agrees +0.05 = 0.90"
27,PINE-PAPER,#pine_paper/rtu_2/ra_co2,1002,AI,6,ppm,rtu,RTU-02,RTU-02.RA-CO2,RA-CO2,RA-CO2,return air co2 concentration sensor point,Return_Air_CO2_Sensor,1.00,auto,,,"equipment: 'rtu_2' -> rtu RTU-02 | tokens: RA=position=return,medium=air · CO2=quantity=co2 | function=sensor by convention: a measured quantity with no SP/CMD/status word is a sensor | score: name defines the role +0.60, object type AI agrees +0.20, units ppm agree +0.20, description agrees +0.05 = 1.00"
28,PINE-PAPER,#pine_paper/rtu_2/occ_mode,1002,BV,2,,rtu,RTU-02,RTU-02.OCC-MODE,OCC-MODE,OCC-MODE,occupied sp point,Occupancy_Status,0.85,auto,,,"equipment: 'rtu_2' -> rtu RTU-02 | tokens: OCC=subject=occupancy · MODE=function=status | score: name defines the role +0.60, object type BV agrees +0.20, description agrees +0.05 = 0.85"
29,PINE-PAPER,#pine_paper/rtu_2/filter_alarm,1002,BI,2,,rtu,RTU-02,,,,,,0.00,review,,alarm point (not telemetry),equipment: 'rtu_2' -> rtu RTU-02 | token ALARM marks non-telemetry
30,PINE-PAPER,#pine_paper/rtu_2/da_temp_stpt,1002,AV,3,°C,rtu,RTU-02,RTU-02.DA-T-SP,DA-T-SP,DA-T-SP,discharge air temp sp point,Supply_Air_Temperature_Setpoint,1.00,auto,,,"equipment: 'rtu_2' -> rtu RTU-02 | tokens: DA=position=discharge,medium=air · TEMP=quantity=temp · STPT=function=sp | score: name defines the role +0.60, object type AV agrees +0.20, units °C agree +0.20, description agrees +0.05 = 1.00"
31,PINE-PAPER,#pine_paper/rtu_2/sat_test,1002,AV,9,°C,rtu,RTU-02,,,,,,0.00,review,,test point,equipment: 'rtu_2' -> rtu RTU-02 | token TEST marks non-telemetry
32,PINE-PAPER,#pine_paper/rtu_3/da_temp,1003,AI,1,°C,rtu,RTU-03,RTU-03.DA-T,DA-T,DA-T,discharge air temp sensor point,Supply_Air_Temperature_Sensor,1.00,auto,,,"equipment: 'rtu_3' -> rtu RTU-03 | tokens: DA=position=discharge,medium=air · TEMP=quantity=temp | function=sensor by convention: a measured quantity with no SP/CMD/status word is a sensor | score: name defines the role +0.60, object type AI agrees +0.20, units °C agree +0.20, description agrees +0.05 = 1.00"
33,PINE-PAPER,#pine_paper/rtu_3/ra_temp,1003,AI,2,°C,rtu,RTU-03,RTU-03.RA-T,RA-T,RA-T,return air temp sensor point,Return_Air_Temperature_Sensor,0.90,auto,DESC_DISAGREES: description suggests position=mixed,,"equipment: 'rtu_3' -> rtu RTU-03 | tokens: RA=position=return,medium=air · TEMP=quantity=temp | function=sensor by convention: a measured quantity with no SP/CMD/status word is a sensor | score: name defines the role +0.60, object type AI agrees +0.20, units °C agree +0.20, description disagrees -0.10 = 0.90"
34,PINE-PAPER,#pine_paper/rtu_3/ma_temp,1003,AI,3,°C,rtu,RTU-03,RTU-03.MA-T,MA-T,MA-T,mixed air temp sensor point,Mixed_Air_Temperature_Sensor,1.00,auto,,,"equipment: 'rtu_3' -> rtu RTU-03 | tokens: MA=position=mixed,medium=air · TEMP=quantity=temp | function=sensor by convention: a measured quantity with no SP/CMD/status word is a sensor | score: name defines the role +0.60, object type AI agrees +0.20, units °C agree +0.20, description agrees +0.05 = 1.00"
35,PINE-PAPER,#pine_paper/rtu_3/zone_temp,1003,AI,4,,rtu,RTU-03,RTU-03.ZN-T,ZN-T,ZN-T,zone air temp sensor point,Zone_Air_Temperature_Sensor,0.85,auto,,,"equipment: 'rtu_3' -> rtu RTU-03 | tokens: ZONE=position=zone · TEMP=quantity=temp | function=sensor by convention: a measured quantity with no SP/CMD/status word is a sensor | score: name defines the role +0.60, object type AI agrees +0.20, description agrees +0.05 = 0.85"
36,PINE-PAPER,#pine_paper/rtu_3/zone_temp_stpt,1003,AV,1,°C,rtu,RTU-03,RTU-03.ZN-T-SP,ZN-T-SP,ZN-T-SP,zone air temp sp point,Zone_Air_Temperature_Setpoint,1.00,auto,,,"equipment: 'rtu_3' -> rtu RTU-03 | tokens: ZONE=position=zone · TEMP=quantity=temp · STPT=function=sp | score: name defines the role +0.60, object type AV agrees +0.20, units °C agree +0.20, description agrees +0.05 = 1.00"
37,PINE-PAPER,#pine_paper/rtu_3/sf_ss,1003,BO,1,,rtu,RTU-03,RTU-03.SF-C,SF-C,SF-C,discharge fan run cmd point,Start_Stop_Command,0.85,auto,,,"equipment: 'rtu_3' -> rtu RTU-03 | tokens: SF=subject=fan,position=discharge · SS=function=cmd | score: name defines the role +0.60, object type BO agrees +0.20, description agrees +0.05 = 0.85"
38,PINE-PAPER,#pine_paper/rtu_3/sf_status,1003,BI,1,,rtu,RTU-03,RTU-03.SF-S,SF-S,SF-S,discharge fan run sensor point,Fan_Status,0.85,auto,,,"equipment: 'rtu_3' -> rtu RTU-03 | tokens: SF=subject=fan,position=discharge · STATUS=function=status | score: name defines the role +0.60, object type BI agrees +0.20, description agrees +0.05 = 0.85"
39,PINE-PAPER,#pine_paper/rtu_3/htg_stg_1,1003,BO,2,,rtu,RTU-03,RTU-03.HTG-STG1-C,HTG-STG1-C,HTG-STG-C,heat run cmd point,Heating_Command,0.85,auto,,,"equipment: 'rtu_3' -> rtu RTU-03 | tokens: HTG=mode=heating · STG=subject=stage | function=cmd by convention: a heating/cooling stage with no function word is its command | score: name defines the role +0.60, object type BO agrees +0.20, description agrees +0.05 = 0.85"
40,PINE-PAPER,#pine_paper/rtu_3/htg_stg_2,1003,BO,3,,rtu,RTU-03,RTU-03.HTG-STG2-C,HTG-STG2-C,HTG-STG-C,heat run cmd point,Heating_Command,0.85,auto,,,"equipment: 'rtu_3' -> rtu RTU-03 | tokens: HTG=mode=heating · STG=subject=stage | function=cmd by convention: a heating/cooling stage with no function word is its command | score: name defines the role +0.60, object type BO agrees +0.20, description agrees +0.05 = 0.85"
41,PINE-PAPER,#pine_paper/rtu_3/clg_stg_1,1003,BO,4,,rtu,RTU-03,RTU-03.CLG-STG1-C,CLG-STG1-C,CLG-STG-C,cool run cmd point,Cooling_Command,0.85,auto,,,"equipment: 'rtu_3' -> rtu RTU-03 | tokens: CLG=mode=cooling · STG=subject=stage | function=cmd by convention: a heating/cooling stage with no function word is its command | score: name defines the role +0.60, object type BO agrees +0.20, description agrees +0.05 = 0.85"
42,PINE-PAPER,#pine_paper/rtu_3/clg_stg_2,1003,BO,5,,rtu,RTU-03,RTU-03.CLG-STG2-C,CLG-STG2-C,CLG-STG-C,cool run cmd point,Cooling_Command,0.85,auto,,,"equipment: 'rtu_3' -> rtu RTU-03 | tokens: CLG=mode=cooling · STG=subject=stage | function=cmd by convention: a heating/cooling stage with no function word is its command | score: name defines the role +0.60, object type BO agrees +0.20, description agrees +0.05 = 0.85"
43,PINE-PAPER,#pine_paper/rtu_3/oa_dmpr_pos,1003,AO,1,%,rtu,RTU-03,RTU-03.OA-DMPR-C,OA-DMPR-C,OA-DMPR-C,outside damper cmd point,Damper_Position_Command,0.90,auto,,,"equipment: 'rtu_3' -> rtu RTU-03 | tokens: OA=position=outside,medium=air · DMPR=subject=damper · POS=(descriptive) | function=cmd inferred from object type AO | score: name needed metadata to be complete +0.45, object type AO agrees +0.20, units % agree +0.20, description agrees +0.05 = 0.90"
44,PINE-PAPER,#pine_paper/rtu_3/ra_co2,1003,AI,6,ppm,rtu,RTU-03,RTU-03.RA-CO2,RA-CO2,RA-CO2,return air co2 concentration sensor point,Return_Air_CO2_Sensor,1.00,auto,,,"equipment: 'rtu_3' -> rtu RTU-03 | tokens: RA=position=return,medium=air · CO2=quantity=co2 | function=sensor by convention: a measured quantity with no SP/CMD/status word is a sensor | score: name defines the role +0.60, object type AI agrees +0.20, units ppm agree +0.20, description agrees +0.05 = 1.00"
45,PINE-PAPER,#pine_paper/rtu_3/occ_mode,1003,BV,2,,rtu,RTU-03,RTU-03.OCC-MODE,OCC-MODE,OCC-MODE,occupied sp point,Occupancy_Status,0.85,auto,,,"equipment: 'rtu_3' -> rtu RTU-03 | tokens: OCC=subject=occupancy · MODE=function=status | score: name defines the role +0.60, object type BV agrees +0.20, description agrees +0.05 = 0.85"
46,PINE-PAPER,#pine_paper/rtu_3/filter_status,1003,BI,2,,rtu,RTU-03,RTU-03.FLTR-S,FLTR-S,FLTR-S,filter sensor point,Filter_Status,0.85,auto,,,"equipment: 'rtu_3' -> rtu RTU-03 | tokens: FILTER=subject=filter · STATUS=function=status | score: name defines the role +0.60, object type BI agrees +0.20, description agrees +0.05 = 0.85"
47,PINE-PAPER,#pine_paper/uh_1/zone_temp,1010,AI,1,°C,unit_heater,UH-01,UH-01.ZN-T,ZN-T,ZN-T,zone air temp sensor point,Zone_Air_Temperature_Sensor,1.00,auto,,,"equipment: 'uh_1' -> unit_heater UH-01 | tokens: ZONE=position=zone · TEMP=quantity=temp | function=sensor by convention: a measured quantity with no SP/CMD/status word is a sensor | score: name defines the role +0.60, object type AI agrees +0.20, units °C agree +0.20, description agrees +0.05 = 1.00"
48,PINE-PAPER,#pine_paper/uh_1/zone_temp_stpt,1010,AV,1,°C,unit_heater,UH-01,UH-01.ZN-T-SP,ZN-T-SP,ZN-T-SP,zone air temp sp point,Zone_Air_Temperature_Setpoint,1.00,auto,,,"equipment: 'uh_1' -> unit_heater UH-01 | tokens: ZONE=position=zone · TEMP=quantity=temp · STPT=function=sp | score: name defines the role +0.60, object type AV agrees +0.20, units °C agree +0.20, description agrees +0.05 = 1.00"
49,PINE-PAPER,#pine_paper/uh_1/fan_ss,1010,BO,1,,unit_heater,UH-01,UH-01.SF-C,SF-C,SF-C,discharge fan run cmd point,Start_Stop_Command,0.85,auto,,,"equipment: 'uh_1' -> unit_heater UH-01 | tokens: FAN=subject=fan · SS=function=cmd | position=discharge from context (fan on a unit heater) | score: name defines the role +0.60, object type BO agrees +0.20, description agrees +0.05 = 0.85"
50,PINE-PAPER,#pine_paper/uh_1/heat_1,1010,BO,2,,unit_heater,UH-01,UH-01.HTG-STG1-C,HTG-STG1-C,HTG-STG-C,heat run cmd point,Heating_Command,0.70,flagged,,,"equipment: 'uh_1' -> unit_heater UH-01 | tokens: HEAT=mode=heating | function=cmd by convention: a heating/cooling stage with no function word is its command | stage inferred from numbered heating token | score: name needed metadata to be complete +0.45, object type BO agrees +0.20, description agrees +0.05 = 0.70"
51,PINE-PAPER,#pine_paper/uh_2/zone_temp,1011,AI,1,°C,unit_heater,UH-02,UH-02.ZN-T,ZN-T,ZN-T,zone air temp sensor point,Zone_Air_Temperature_Sensor,1.00,auto,,,"equipment: 'uh_2' -> unit_heater UH-02 | tokens: ZONE=position=zone · TEMP=quantity=temp | function=sensor by convention: a measured quantity with no SP/CMD/status word is a sensor | score: name defines the role +0.60, object type AI agrees +0.20, units °C agree +0.20, description agrees +0.05 = 1.00"
52,PINE-PAPER,#pine_paper/uh_2/zone_temp_stpt,1011,AV,1,°C,unit_heater,UH-02,UH-02.ZN-T-SP,ZN-T-SP,ZN-T-SP,zone air temp sp point,Zone_Air_Temperature_Setpoint,1.00,auto,,,"equipment: 'uh_2' -> unit_heater UH-02 | tokens: ZONE=position=zone · TEMP=quantity=temp · STPT=function=sp | score: name defines the role +0.60, object type AV agrees +0.20, units °C agree +0.20, description agrees +0.05 = 1.00"
53,PINE-PAPER,#pine_paper/uh_2/fan_ss,1011,BO,1,,unit_heater,UH-02,UH-02.SF-C,SF-C,SF-C,discharge fan run cmd point,Start_Stop_Command,0.85,auto,,,"equipment: 'uh_2' -> unit_heater UH-02 | tokens: FAN=subject=fan · SS=function=cmd | position=discharge from context (fan on a unit heater) | score: name defines the role +0.60, object type BO agrees +0.20, description agrees +0.05 = 0.85"
54,PINE-PAPER,#pine_paper/uh_2/heat_1,1011,BO,2,,unit_heater,UH-02,UH-02.HTG-STG1-C,HTG-STG1-C,HTG-STG-C,heat run cmd point,Heating_Command,0.70,flagged,,,"equipment: 'uh_2' -> unit_heater UH-02 | tokens: HEAT=mode=heating | function=cmd by convention: a heating/cooling stage with no function word is its command | stage inferred from numbered heating token | score: name needed metadata to be complete +0.45, object type BO agrees +0.20, description agrees +0.05 = 0.70"
55,PINE-PAPER,#pine_paper/uh_2/fan_status,1011,BI,1,,unit_heater,UH-02,UH-02.SF-S,SF-S,SF-S,discharge fan run sensor point,Fan_Status,0.85,auto,,,"equipment: 'uh_2' -> unit_heater UH-02 | tokens: FAN=subject=fan · STATUS=function=status | position=discharge from context (fan on a unit heater) | score: name defines the role +0.60, object type BI agrees +0.20, description agrees +0.05 = 0.85"
56,PINE-PAPER,#pine_paper/ef_1/ef_ss,1012,BO,1,,exhaust_fan,EF-01,EF-01.EF-C,EF-C,EF-C,exhaust fan run cmd point,Start_Stop_Command,0.85,auto,,,"equipment: 'ef_1' -> exhaust_fan EF-01 | tokens: EF=subject=fan,position=exhaust · SS=function=cmd | score: name defines the role +0.60, object type BO agrees +0.20, description agrees +0.05 = 0.85"
57,PINE-PAPER,#pine_paper/ef_1/ef_status,1012,BI,1,,exhaust_fan,EF-01,EF-01.EF-S,EF-S,EF-S,exhaust fan run sensor point,Fan_Status,0.85,auto,,,"equipment: 'ef_1' -> exhaust_fan EF-01 | tokens: EF=subject=fan,position=exhaust · STATUS=function=status | score: name defines the role +0.60, object type BI agrees +0.20, description agrees +0.05 = 0.85"
58,PINE-PAPER,#pine_paper/site/oa_temp,1000,AI,1,°C,,,PINE-PAPER.OA-T,OA-T,OA-T,outside air temp sensor point,Outside_Air_Temperature_Sensor,1.00,auto,,,"tokens: OA=position=outside,medium=air · TEMP=quantity=temp | function=sensor by convention: a measured quantity with no SP/CMD/status word is a sensor | score: name defines the role +0.60, object type AI agrees +0.20, units °C agree +0.20, description agrees +0.05 = 1.00"
59,PINE-PAPER,#pine_paper/site/oa_humidity,1000,AI,2,%RH,,,PINE-PAPER.OA-RH,OA-RH,OA-RH,outside air humidity sensor point,Outside_Air_Humidity_Sensor,1.00,auto,,,"tokens: OA=position=outside,medium=air · HUMIDITY=quantity=humidity | function=sensor by convention: a measured quantity with no SP/CMD/status word is a sensor | score: name defines the role +0.60, object type AI agrees +0.20, units %RH agree +0.20, description agrees +0.05 = 1.00"
60,PINE-PAPER,#pine_paper/site/dock_door_1,1000,BI,1,,,,,,,,,0.00,review,,"no recognizable tokens (DOCK, DOOR)","tokens:  · unknown: DOCK, DOOR"
61,PINE-PAPER,#pine_paper/site/lighting_zone_2,1000,BO,1,,,,,,,,,0.00,review,,no point role matches: position=zone,tokens: ZONE=position=zone · unknown: LIGHTING
