Name,Type,Instance,Units,Desc,Device
Rtu #1 Disch Air Tmp,AI,1,,,5001
RTU1-DAT,ai,11,F,,5001
RTU1-RAT,AI,2,F,,5001
RTU1 ZN TEMPATURE,AI,3,°F,,5001
RTU1 SF S/S,BO,1,,,5001
RTU1 SF STATUS,BI,1,,,5001
RTU1 HEAT 1,BO,2,,,5001
RTU1 COOL 1,BO,3,,,5001
RTU1 COOL 2,,4,,,5001
RTU1 DAT HI LIMIT,AV,5,°F,,5001
RTU1 DAT ALM,BV,6,,,5001
SPARE_AI_3,AI,3,,,5001
AHU1 MAT,analog input,1,DEGF,mixed air,5010
AHU1 MAT,analog input,1,DEGF,mixed air,5010
AHU1 SAT,AI,2,°F,supply air,5010
AHU1 RAT,AI,3,°F,return air,5010
AHU1 SUPPLY FAN CMD,BO,1,,,5010
AHU1 SUPPLY FAN STATUS,BI,1,,,5010
AHU1 DUCT STATIC,AI,4,in wc,,5010
AHU1 OA DAMPER,AO,1,%,,5010
AHU1 FILTER STATUS,BI,2,,,5010
AHU1 PID KP,AV,9,,,5010
vav2-01_ZN_TEMP_DegF,AI,1,,,5021
vav2-01_ZN_SETPT,AV,1,°F,,5021
vav2-01_DMPR_CMD,AO,1,%,,5021
vav2-01_AIRFLOW,AI,2,cfm,,5021
vav2-02_ZN_TEMP_DegF,AI,1,,,5022
vav2-02_ZN_SETPT,AV,1,°F,,5022
vav2-02_DMPR_CMD,AO,1,%,,5022
vav2-02_AIRFLOW,AI,2,cfm,,5022
vav2-02_RHT_VLV,AO,2,%,,5022
vav2-03_ZN_TEMP_DegF,AI,1,,,5023
vav2-03_ZN_SETPT,AV,1,°F,,5023
vav2-03_DMPR_CMD,AO,1,%,,5023
vav2-03_AIRFLOW,AI,2,cfm,,5023
vav2-04_ZN_TEMP_DegF,AI,1,,,5024
vav2-04_ZN_SETPT,AV,1,°F,,5024
vav2-04_DMPR_CMD,AO,1,%,,5024
vav2-04_AIRFLOW,,2,,,5024
EF-2 S/S,BO,1,,,5030
EF-2 STATUS,BI,1,,,5030
UH-3 FAN,BO,1,,,5040
UH-3 RM TEMP,AI,1,°F,,5040
UH-3 HEAT,BO,2,,,5040
BB-1 RM TEMP,AI,1,°F,,5050
BB-1 RM TEMP SP,AV,1,°F,,5050
VH-1 VESTIBULE TEMP,AI,1,°F,,5060
FCU-1 ZN-T,AI,1,°F,,5070
FCU-1 FAN SS,BO,1,,,5070
FCU-1 HW VLV,AO,1,%,,5070
OAT,AI,9,°F,outside air,5000
OA HUMIDITY,AI,10,%RH,,5000
ROOM 214 TEMP,AI,11,°F,,5000
LIGHTING RELAY 4,BO,4,,,5000
MAIN KW,AI,12,kW,,5000
DHW TEMP,AI,13,°F,domestic hot water,5000
