Item Reference,Object Type,Instance,Units,Description,Device Instance
OFFICE-A:NAE-01/FC-1.AHU-1.SA-T,AI,1,deg F,Supply Air Temp,2001
OFFICE-A:NAE-01/FC-1.AHU-1.RA-T,AI,2,deg F,Return Air Temp,2001
OFFICE-A:NAE-01/FC-1.AHU-1.MA-T,AI,3,deg F,Mixed Air Temp,2001
OFFICE-A:NAE-01/FC-1.AHU-1.OA-T,AI,4,deg F,Outdoor Air Temp,2001
OFFICE-A:NAE-01/FC-1.AHU-1.SA-SP,AI,5,in W.C.,Duct Static Pressure,2001
OFFICE-A:NAE-01/FC-1.AHU-1.SA-SP-SP,AV,1,in W.C.,Duct Static Setpoint,2001
OFFICE-A:NAE-01/FC-1.AHU-1.SAT-SP,AV,2,deg F,Supply Air Temp Setpoint,2001
OFFICE-A:NAE-01/FC-1.AHU-1.SF-C,BO,1,,Supply Fan Command,2001
OFFICE-A:NAE-01/FC-1.AHU-1.SF-S,BI,1,,Supply Fan Status,2001
OFFICE-A:NAE-01/FC-1.AHU-1.SF-VFD,AO,1,%,Supply Fan Speed,2001
OFFICE-A:NAE-01/FC-1.AHU-1.OAD-O,AO,2,%,Outside Air Damper Output,2001
OFFICE-A:NAE-01/FC-1.AHU-1.RA-CO2,AI,6,PPM,Return Air CO2,2001
OFFICE-A:NAE-01/FC-1.AHU-1.HTG-VLV-O,AO,3,%,Heating Valve Output,2001
OFFICE-A:NAE-01/FC-1.AHU-1.FLTR-DP,AI,7,in W.C.,Filter Differential Pressure,2001
OFFICE-A:NAE-01/FC-1.AHU-1.SA-T-ALM,BV,1,,Supply Air Temp Alarm,2001
OFFICE-A:NAE-01/FC-1.AHU-2.DA-T,AI,1,deg F,Discharge Air Temp,2002
OFFICE-A:NAE-01/FC-1.AHU-2.RA-T,AI,2,deg F,Return Air Temp,2002
OFFICE-A:NAE-01/FC-1.AHU-2.MA-T,AI,3,%,Mixed Air Temp,2002
OFFICE-A:NAE-01/FC-1.AHU-2.SA-SP,AI,4,in W.C.,,2002
OFFICE-A:NAE-01/FC-1.AHU-2.SF-C,BO,1,,Supply Fan Command,2002
OFFICE-A:NAE-01/FC-1.AHU-2.SF-S,BI,1,,Supply Fan Status,2002
OFFICE-A:NAE-01/FC-1.AHU-2.SF-O,AO,1,%,Supply Fan Output,2002
OFFICE-A:NAE-02/FC-1.AHU-1.SA-T,AI,1,deg F,Supply Air Temp,2901
OFFICE-A:NAE-01/FC-2.VMA-201.ZN-T,AI,1,deg F,Zone Temp,2201
OFFICE-A:NAE-01/FC-2.VMA-201.ZN-SP,AV,1,deg F,,2201
OFFICE-A:NAE-01/FC-2.VMA-201.DPR-O,AO,1,%,Damper Output,2201
OFFICE-A:NAE-01/FC-2.VMA-201.SA-FLOW,AI,2,cfm,Supply Airflow,2201
OFFICE-A:NAE-01/FC-2.VMA-201.FLOW-SP,AV,2,cfm,Airflow Setpoint,2201
OFFICE-A:NAE-01/FC-2.VMA-201.HTG-O,AO,2,%,Reheat Output,2201
OFFICE-A:NAE-01/FC-2.VMA-202.ZN-T,AI,1,deg F,Zone Temp,2202
OFFICE-A:NAE-01/FC-2.VMA-202.ZN-SP,AV,1,deg F,,2202
OFFICE-A:NAE-01/FC-2.VMA-202.DPR-O,AO,1,%,Damper Output,2202
OFFICE-A:NAE-01/FC-2.VMA-202.SA-FLOW,AI,2,cfm,Supply Airflow,2202
OFFICE-A:NAE-01/FC-2.VMA-202.FLOW-SP,AV,2,cfm,Airflow Setpoint,2202
OFFICE-A:NAE-01/FC-2.VMA-202.HTG-O,AO,2,%,Reheat Output,2202
OFFICE-A:NAE-01/FC-2.VMA-203.ZN-T,AI,1,deg F,Zone Temp,2203
OFFICE-A:NAE-01/FC-2.VMA-203.ZN-SP,AV,1,deg F,,2203
OFFICE-A:NAE-01/FC-2.VMA-203.DPR-O,AO,1,%,Damper Output,2203
OFFICE-A:NAE-01/FC-2.VMA-203.SA-FLOW,AI,2,cfm,Supply Airflow,2203
OFFICE-A:NAE-01/FC-2.VMA-203.FLOW-SP,AV,2,cfm,Airflow Setpoint,2203
OFFICE-A:NAE-01/FC-2.VMA-203.DA-T,AI,3,deg F,Discharge Air Temp,2203
OFFICE-A:NAE-01/FC-2.VMA-204.ZN-T,AI,1,deg F,Zone Temp,2204
OFFICE-A:NAE-01/FC-2.VMA-204.ZN-SP,AV,1,deg F,,2204
OFFICE-A:NAE-01/FC-2.VMA-204.SA-FLOW,AI,2,cfm,Supply Airflow,2204
OFFICE-A:NAE-01/FC-2.VMA-204.FLOW-SP,AV,2,cfm,Airflow Setpoint,2204
OFFICE-A:NAE-01/FC-2.VMA-204.DA-T,AI,3,deg F,Discharge Air Temp,2204
OFFICE-A:NAE-01/FC-2.VMA-205.ZN-T,AI,1,deg F,Zone Temp,2205
OFFICE-A:NAE-01/FC-2.VMA-205.ZN-SP,AV,1,,,2205
OFFICE-A:NAE-01/FC-2.VMA-205.DPR-O,AO,1,%,Damper Output,2205
OFFICE-A:NAE-01/FC-2.VMA-205.SA-FLOW,AI,2,cfm,Supply Airflow,2205
OFFICE-A:NAE-01/FC-2.VMA-205.FLOW-SP,AV,2,cfm,Airflow Setpoint,2205
OFFICE-A:NAE-01/FC-3.VMA-301.ZN-T,AI,1,deg F,Zone Temp,2301
OFFICE-A:NAE-01/FC-3.VMA-301.ZN-SP,AV,1,deg F,,2301
OFFICE-A:NAE-01/FC-3.VMA-301.DPR-O,AO,1,%,Damper Output,2301
OFFICE-A:NAE-01/FC-3.VMA-301.SA-FLOW,AI,2,cfm,Supply Airflow,2301
OFFICE-A:NAE-01/FC-3.VMA-301.FLOW-SP,AV,2,cfm,Airflow Setpoint,2301
OFFICE-A:NAE-01/FC-3.VMA-301.HTG-O,AO,2,%,Reheat Output,2301
OFFICE-A:NAE-01/FC-3.VMA-302.ZN-T,AI,1,%,Zone Temp,2302
OFFICE-A:NAE-01/FC-3.VMA-302.ZN-SP,AV,1,deg F,,2302
OFFICE-A:NAE-01/FC-3.VMA-302.DPR-O,AO,1,%,Damper Output,2302
OFFICE-A:NAE-01/FC-3.VMA-302.SA-FLOW,AI,2,cfm,Supply Airflow,2302
OFFICE-A:NAE-01/FC-3.VMA-302.FLOW-SP,AV,2,cfm,Airflow Setpoint,2302
OFFICE-A:NAE-01/FC-3.VMA-303.ZN-T,AI,1,deg F,Zone Temp,2303
OFFICE-A:NAE-01/FC-3.VMA-303.ZN-SP,AV,1,deg F,,2303
OFFICE-A:NAE-01/FC-3.VMA-303.DPR-O,AO,1,%,Damper Output,2303
OFFICE-A:NAE-01/FC-3.VMA-303.SA-FLOW,AI,2,cfm,Supply Airflow,2303
OFFICE-A:NAE-01/FC-3.VMA-303.FLOW-SP,AV,2,cfm,Airflow Setpoint,2303
OFFICE-A:NAE-01/OA-T,AI,1,deg F,Outdoor Air Temp,2000
OFFICE-A:NAE-01/OA-RH,AI,2,%RH,Outdoor Humidity,2000
OFFICE-A:NAE-01/FC-2.ZN-T,AI,1,deg F,Zone Temp,2200
