Slot Path,Object Type,Instance,Units,Device ID
/Drivers/BacnetNetwork/RTU_1/points/DAT,analogInput,1,°F,4001
/Drivers/BacnetNetwork/RTU_1/points/RAT,analogInput,2,°F,4001
/Drivers/BacnetNetwork/RTU_1/points/SpaceTemp,analogInput,3,°F,4001
/Drivers/BacnetNetwork/RTU_1/points/SpaceTempSp,analogValue,1,°F,4001
/Drivers/BacnetNetwork/RTU_1/points/SupFanCmd,binaryOutput,1,,4001
/Drivers/BacnetNetwork/RTU_1/points/SupFanSts,binaryInput,1,,4001
/Drivers/BacnetNetwork/RTU_1/points/HtgStg1,binaryOutput,2,,4001
/Drivers/BacnetNetwork/RTU_1/points/HtgStg2,binaryOutput,3,,4001
/Drivers/BacnetNetwork/RTU_1/points/ClgStg1,binaryOutput,4,,4001
/Drivers/BacnetNetwork/RTU_1/points/ClgStg2,binaryOutput,5,,4001
/Drivers/BacnetNetwork/RTU_1/points/EconDmprPos,analogOutput,1,%,4001
/Drivers/BacnetNetwork/RTU_1/points/RaCO2,analogInput,4,ppm,4001
/Drivers/BacnetNetwork/RTU_1/points/EffClgSp,analogValue,2,°F,4001
/Drivers/BacnetNetwork/RTU_2/points/DAT,analogInput,1,°F,4002
/Drivers/BacnetNetwork/RTU_2/points/RAT,analogInput,2,%,4002
/Drivers/BacnetNetwork/RTU_2/points/SpaceTemp,analogInput,3,°F,4002
/Drivers/BacnetNetwork/RTU_2/points/SpaceTempSp,analogValue,1,°F,4002
/Drivers/BacnetNetwork/RTU_2/points/SupFanCmd,binaryOutput,1,,4002
/Drivers/BacnetNetwork/RTU_2/points/SupFanSts,binaryInput,1,,4002
/Drivers/BacnetNetwork/RTU_2/points/HtgStg1,binaryOutput,2,,4002
/Drivers/BacnetNetwork/RTU_2/points/HtgStg2,binaryOutput,3,,4002
/Drivers/BacnetNetwork/RTU_2/points/ClgStg1,binaryOutput,4,,4002
/Drivers/BacnetNetwork/RTU_2/points/ClgStg2,binaryOutput,5,,4002
/Drivers/BacnetNetwork/RTU_2/points/EconDmprPos,analogOutput,1,%,4002
/Drivers/BacnetNetwork/RTU_2/points/RaCO2,analogInput,4,ppm,4002
/Drivers/BacnetNetwork/RTU_2/points/CommStatus,binaryValue,9,,4002
/Drivers/BacnetNetwork/RTU_3/points/DAT,analogInput,1,°F,4003
/Drivers/BacnetNetwork/RTU_3/points/RAT,analogInput,2,°F,4003
/Drivers/BacnetNetwork/RTU_3/points/Spacetemp,analogInput,3,°F,4003
/Drivers/BacnetNetwork/RTU_3/points/SpaceTempSp,analogValue,1,°F,4003
/Drivers/BacnetNetwork/RTU_3/points/SupFanCmd,binaryOutput,1,,4003
/Drivers/BacnetNetwork/RTU_3/points/SupFanSts,binaryInput,1,,4003
/Drivers/BacnetNetwork/RTU_3/points/HtgStg1,binaryOutput,2,,4003
/Drivers/BacnetNetwork/RTU_3/points/HtgStg2,binaryOutput,3,,4003
/Drivers/BacnetNetwork/RTU_3/points/ClgStg1,binaryOutput,4,,4003
/Drivers/BacnetNetwork/RTU_3/points/ClgStg2,binaryOutput,5,,4003
/Drivers/BacnetNetwork/RTU_3/points/EconDmprPos,analogOutput,1,%,4003
/Drivers/BacnetNetwork/RTU_3/points/FilterSts,binaryInput,2,,4003
/Drivers/BacnetNetwork/RTU_4/points/DAT,analogInput,1,°F,4004
/Drivers/BacnetNetwork/RTU_4/points/RAT,analogInput,2,°F,4004
/Drivers/BacnetNetwork/RTU_4/points/SpaceTemp,analogInput,3,°F,4004
/Drivers/BacnetNetwork/RTU_4/points/SpaceTempSp,analogValue,1,°F,4004
/Drivers/BacnetNetwork/RTU_4/points/SupFanCmd,binaryOutput,1,,4004
/Drivers/BacnetNetwork/RTU_4/points/SupFanSts,binaryInput,1,,4004
/Drivers/BacnetNetwork/RTU_4/points/HtgStg1,binaryOutput,2,,4004
/Drivers/BacnetNetwork/RTU_4/points/HtgStg2,binaryOutput,3,,4004
/Drivers/BacnetNetwork/RTU_4/points/ClgStg1,binaryOutput,4,,4004
/Drivers/BacnetNetwork/RTU_4/points/ClgStg2,binaryOutput,5,,4004
/Drivers/BacnetNetwork/RTU_4/points/EconDmprPos,analogOutput,1,%,4004
/Drivers/BacnetNetwork/RTU_4/points/FilterSts,binaryInput,2,,4004
/Drivers/BacnetNetwork/RTU_4_old/points/DAT,analogInput,1,°F,4104
/Drivers/BacnetNetwork/EF_1/points/Cmd,binaryOutput,1,,4010
/Drivers/BacnetNetwork/EF_1/points/Sts,binaryInput,1,,4010
/Drivers/BacnetNetwork/Weather/points/OutdoorTemp,analogInput,1,°F,4000
/Drivers/BacnetNetwork/Weather/points/OutdoorHumidity,analogInput,2,%RH,4000
/Drivers/BacnetNetwork/LightingPanel/points/Zone3Relay,binaryOutput,3,,4020
